Idx,Phase_Label,Advantage,Proprio_0 (x),Proprio_1 (y),Proprio_2 (z),Proprio_Gripper,Tgt_Pose_0_x,Tgt_Pose_0_y,Tgt_Pose_0_z,Tgt_Grip_0
0,0,0.4346,0.023,-0.727,-0.025,0.029,0.340,0.003,0.500,0.00
1,0,0.1715,0.024,-0.695,-0.025,0.044,0.342,0.003,0.500,0.00
2,0,-0.0827,0.025,-0.691,-0.024,0.050,0.343,0.003,0.500,0.00
3,0,-0.3372,0.025,-0.687,-0.024,0.056,0.346,0.005,0.501,0.00
4,0,-0.5922,0.028,-0.676,-0.021,0.082,0.347,0.006,0.501,0.00
5,0,-0.8440,0.029,-0.675,-0.020,0.089,0.347,0.007,0.501,0.00
6,0,-1.0972,0.030,-0.673,-0.020,0.096,0.347,0.008,0.501,0.00
7,0,-1.3520,0.031,-0.672,-0.019,0.103,0.348,0.012,0.502,0.00
8,0,-1.6086,0.036,-0.667,-0.014,0.131,0.349,0.016,0.503,0.00
9,0,-1.8649,0.042,-0.663,-0.008,0.157,0.350,0.018,0.504,0.00
10,0,-2.1211,0.044,-0.661,-0.007,0.163,0.351,0.019,0.504,0.00
11,0,-2.3777,0.045,-0.657,-0.005,0.168,0.352,0.021,0.505,0.00
12,0,-2.6341,0.047,-0.652,-0.003,0.172,0.360,0.027,0.506,0.00
13,0,-2.8897,0.055,-0.625,0.003,0.185,0.363,0.028,0.506,0.00
14,0,-3.1301,0.057,-0.616,0.005,0.188,0.365,0.030,0.507,0.00
15,0,-3.3677,0.059,-0.608,0.007,0.190,0.368,0.032,0.507,0.00
16,0,-3.6021,0.060,-0.598,0.009,0.191,0.371,0.034,0.508,0.00
17,0,-3.8330,0.062,-0.589,0.011,0.193,0.374,0.035,0.508,0.00
18,0,-4.0602,0.064,-0.579,0.012,0.193,0.377,0.037,0.508,0.00
19,0,-4.2833,0.066,-0.569,0.014,0.194,0.383,0.041,0.509,0.00
20,0,-4.5022,0.070,-0.548,0.018,0.194,0.393,0.047,0.511,0.00
21,0,-4.7096,0.076,-0.514,0.024,0.193,0.403,0.053,0.512,0.00
22,0,-4.8974,0.082,-0.479,0.030,0.189,0.407,0.055,0.512,0.00
23,0,-5.0642,0.084,-0.467,0.031,0.188,0.414,0.059,0.513,0.00
24,0,-5.2248,0.088,-0.443,0.035,0.184,0.417,0.062,0.514,0.00
25,0,-5.3710,0.090,-0.430,0.037,0.182,0.421,0.064,0.514,0.00
26,0,-5.5106,0.092,-0.418,0.039,0.180,0.440,0.074,0.517,0.00
27,0,-5.6435,0.101,-0.354,0.049,0.167,0.443,0.077,0.517,0.00
28,0,-5.7362,0.102,-0.342,0.051,0.165,0.447,0.079,0.518,0.00
29,0,-5.8214,0.104,-0.329,0.052,0.162,0.451,0.081,0.518,0.00
30,0,-5.8992,0.106,-0.316,0.054,0.160,0.458,0.085,0.519,0.00
31,0,-5.9694,0.109,-0.291,0.058,0.154,0.462,0.087,0.520,0.00
32,0,-6.0236,0.110,-0.278,0.060,0.152,0.473,0.093,0.521,0.00
33,0,-6.0702,0.115,-0.240,0.065,0.144,0.476,0.095,0.522,0.00
34,0,-6.0928,0.116,-0.227,0.067,0.142,0.480,0.097,0.522,0.00
35,0,-6.1076,0.118,-0.215,0.068,0.139,0.483,0.099,0.523,0.00
36,0,-6.1146,0.119,-0.203,0.070,0.137,0.486,0.101,0.523,0.00
37,0,-6.1139,0.121,-0.190,0.072,0.134,0.490,0.103,0.524,0.00
38,0,-6.1054,0.122,-0.178,0.073,0.132,0.493,0.105,0.524,0.00
39,0,-6.0891,0.123,-0.166,0.075,0.130,0.499,0.109,0.525,0.00
40,0,-6.0652,0.126,-0.143,0.078,0.125,0.503,0.111,0.525,0.00
41,0,-6.0264,0.127,-0.131,0.079,0.123,0.506,0.112,0.526,0.00
42,0,-5.9800,0.128,-0.120,0.081,0.121,0.509,0.114,0.526,0.00
43,0,-5.9262,0.130,-0.109,0.082,0.118,0.515,0.117,0.527,0.00
44,0,-5.8649,0.132,-0.087,0.085,0.114,0.523,0.122,0.528,0.00
45,0,-5.7899,0.135,-0.056,0.089,0.106,0.528,0.125,0.529,0.00
46,0,-5.6955,0.138,-0.037,0.091,0.101,0.530,0.126,0.529,0.00
47,0,-5.5888,0.139,-0.027,0.092,0.098,0.532,0.128,0.530,0.00
48,0,-5.4755,0.140,-0.018,0.093,0.096,0.537,0.130,0.530,0.00
49,0,-5.3559,0.141,-0.001,0.095,0.090,0.539,0.131,0.531,0.00
50,0,-5.2252,0.142,0.007,0.096,0.086,0.541,0.132,0.531,0.00
51,0,-5.0886,0.143,0.015,0.097,0.083,0.543,0.133,0.531,0.00
52,0,-4.9463,0.144,0.023,0.098,0.079,0.543,0.134,0.529,0.00
53,0,-4.7983,0.144,0.024,0.098,-0.003,0.543,0.133,0.529,0.00
54,0,-4.6527,0.144,0.024,0.098,-0.003,0.543,0.133,0.529,0.00
55,0,-4.5067,0.144,0.023,0.098,-0.002,0.543,0.133,0.528,0.00
56,0,-4.3598,0.144,0.023,0.098,-0.000,0.543,0.134,0.526,0.00
57,0,-4.2118,0.144,0.021,0.098,0.021,0.545,0.134,0.521,0.00
58,0,-4.0572,0.145,0.022,0.098,0.029,0.550,0.136,0.498,0.00
59,0,-3.9004,0.146,0.028,0.099,0.022,0.554,0.138,0.475,0.00
60,0,-3.7477,0.146,0.034,0.100,0.024,0.555,0.139,0.470,0.00
61,0,-3.5973,0.147,0.036,0.100,0.024,0.555,0.139,0.464,0.00
62,0,-3.4461,0.147,0.038,0.101,0.025,0.557,0.140,0.452,0.00
63,0,-3.2938,0.147,0.043,0.101,0.026,0.558,0.140,0.447,0.00
64,0,-3.1408,0.148,0.045,0.101,0.026,0.559,0.141,0.441,0.00
65,0,-2.9863,0.148,0.048,0.102,0.027,0.560,0.141,0.436,1.00
66,1,-2.8303,0.148,0.051,0.102,0.023,0.560,0.142,0.431,1.00
67,1,-2.6740,0.148,0.054,0.102,0.018,0.560,0.142,0.425,1.00
68,1,-2.5181,0.148,0.056,0.102,-0.005,0.560,0.142,0.425,1.00
69,1,-2.3662,0.148,0.055,0.102,-0.002,0.560,0.142,0.424,1.00
70,2,-2.2106,0.148,0.054,0.102,-0.001,0.560,0.142,0.424,1.00
71,2,-2.0525,0.148,0.054,0.102,-0.001,0.560,0.141,0.424,1.00
72,2,-1.8924,0.148,0.054,0.102,0.000,0.560,0.141,0.427,1.00
73,2,-1.7327,0.148,0.055,0.102,-0.007,0.559,0.141,0.431,1.00
74,2,-1.5744,0.148,0.054,0.102,-0.008,0.559,0.141,0.435,1.00
75,2,-1.4144,0.148,0.052,0.102,-0.002,0.559,0.141,0.440,1.00
76,2,-1.2508,0.148,0.050,0.102,-0.001,0.559,0.141,0.445,1.00
77,2,-1.0830,0.148,0.049,0.102,0.000,0.558,0.141,0.449,1.00
78,2,-0.9111,0.148,0.048,0.102,0.001,0.558,0.141,0.458,1.00
79,2,-0.7350,0.148,0.047,0.102,0.002,0.558,0.141,0.462,1.00
80,2,-0.5528,0.148,0.047,0.102,0.003,0.558,0.142,0.465,1.00
81,2,-0.3667,0.150,0.047,0.103,0.293,0.557,0.146,0.468,1.00
82,2,-0.1761,0.153,0.048,0.106,0.372,0.555,0.154,0.473,1.00
83,2,0.0183,0.161,0.050,0.112,0.369,0.553,0.161,0.479,1.00
84,2,0.2194,0.168,0.054,0.118,0.347,0.553,0.164,0.482,1.00
85,2,0.4277,0.172,0.056,0.121,0.341,0.552,0.167,0.485,1.00
86,2,0.6408,0.175,0.058,0.123,0.339,0.551,0.173,0.491,1.00
87,2,0.8588,0.182,0.063,0.128,0.339,0.550,0.177,0.494,1.00
88,2,1.0845,0.186,0.066,0.130,0.341,0.550,0.180,0.497,1.00
89,2,1.3153,0.189,0.069,0.132,0.344,0.549,0.183,0.500,1.00
90,2,1.5514,0.193,0.072,0.134,0.348,0.549,0.185,0.503,1.00
91,3,1.7927,0.196,0.075,0.136,0.315,0.548,0.188,0.505,1.00
92,3,2.0385,0.199,0.078,0.138,0.267,0.548,0.190,0.509,1.00
93,3,2.2887,0.202,0.082,0.139,0.253,0.547,0.193,0.520,1.00
94,3,2.5496,0.208,0.090,0.139,0.162,0.547,0.193,0.523,1.00
95,3,2.8145,0.209,0.093,0.139,0.144,0.547,0.194,0.525,1.00
96,3,3.0829,0.210,0.096,0.140,0.128,0.548,0.195,0.528,1.00
97,3,3.3550,0.213,0.101,0.140,0.098,0.548,0.197,0.532,1.00
98,3,3.6318,0.216,0.109,0.141,0.057,0.548,0.198,0.533,1.00
99,3,3.9145,0.217,0.112,0.141,0.043,0.549,0.198,0.531,1.00
100,3,4.2011,0.217,0.110,0.141,-0.022,0.549,0.198,0.526,1.00
101,3,4.4966,0.216,0.107,0.141,-0.006,0.550,0.199,0.521,1.00
102,3,4.7946,0.216,0.106,0.141,-0.009,0.552,0.199,0.503,1.00
103,3,5.0929,0.216,0.102,0.141,-0.011,0.553,0.200,0.492,1.00
104,3,5.3848,0.216,0.099,0.140,-0.009,0.553,0.200,0.486,1.00
105,3,5.6740,0.216,0.098,0.140,-0.008,0.553,0.200,0.481,1.00
106,3,5.9634,0.216,0.096,0.140,-0.007,0.553,0.200,0.469,1.00
107,3,6.2531,0.215,0.094,0.140,-0.005,0.553,0.201,0.464,1.00
108,3,6.5409,0.215,0.093,0.140,-0.004,0.553,0.201,0.459,1.00
109,3,6.8289,0.215,0.092,0.140,-0.005,0.553,0.201,0.446,0.00
110,3,7.1156,0.215,0.093,0.140,-0.001,0.553,0.200,0.446,0.00
111,4,7.3892,0.215,0.093,0.140,0.000,0.553,0.200,0.446,0.00
112,4,7.6649,0.215,0.093,0.140,0.000,0.553,0.201,0.445,0.00
113,4,7.9431,0.215,0.091,0.140,-0.005,0.553,0.201,0.444,0.00
114,4,8.2278,0.215,0.089,0.140,-0.004,0.553,0.201,0.444,0.00
115,4,8.5174,0.215,0.089,0.140,-0.004,0.553,0.200,0.445,0.00
116,4,8.8104,0.215,0.088,0.140,-0.003,0.553,0.200,0.445,0.00
117,4,9.1073,0.215,0.087,0.140,-0.002,0.553,0.200,0.446,0.00
118,4,9.4076,0.215,0.087,0.140,-0.002,0.552,0.200,0.447,0.00
119,4,9.7112,0.215,0.086,0.140,-0.001,0.552,0.200,0.449,0.00
120,4,10.0186,0.215,0.085,0.140,-0.001,0.552,0.200,0.453,0.00
121,4,10.3296,0.215,0.085,0.140,0.000,0.552,0.200,0.454,0.00
122,4,10.6451,0.215,0.084,0.140,0.001,0.552,0.200,0.456,0.00
123,4,10.9644,0.215,0.084,0.140,0.001,0.552,0.200,0.458,0.00
124,4,11.2875,0.215,0.084,0.140,0.002,0.552,0.200,0.460,0.00
125,4,11.6147,0.215,0.084,0.140,0.002,0.551,0.200,0.464,0.00
126,4,11.9458,0.215,0.084,0.140,0.003,0.551,0.200,0.466,0.00
127,4,12.2821,0.215,0.084,0.140,0.004,0.551,0.200,0.471,0.00
128,4,12.6226,0.215,0.085,0.140,0.005,0.551,0.200,0.474,0.00
129,4,12.9687,0.215,0.086,0.140,0.006,0.551,0.200,0.484,0.00
130,4,13.3194,0.216,0.088,0.140,0.009,0.551,0.200,0.487,0.00
131,4,13.6785,0.216,0.089,0.140,0.009,0.551,0.200,0.492,0.00
132,0,0.5163,0.020,-0.722,0.007,-0.028,0.330,0.010,0.491,0.00
133,0,0.2085,0.019,-0.708,0.007,-0.028,0.333,0.010,0.490,0.00
134,0,-0.0984,0.019,-0.697,0.007,-0.030,0.335,0.009,0.489,0.00
135,0,-0.4046,0.019,-0.689,0.007,-0.033,0.338,0.009,0.489,0.00
136,0,-0.7103,0.018,-0.682,0.007,-0.036,0.341,0.009,0.489,0.00
137,0,-1.0159,0.017,-0.671,0.006,-0.045,0.343,0.009,0.489,0.00
138,0,-1.3191,0.016,-0.663,0.006,-0.054,0.344,0.009,0.489,0.00
139,0,-1.6210,0.016,-0.660,0.006,-0.059,0.345,0.008,0.489,0.00
140,0,-1.9242,0.015,-0.658,0.006,-0.064,0.346,0.008,0.489,0.00
141,0,-2.2288,0.014,-0.656,0.006,-0.069,0.346,0.008,0.490,0.00
142,0,-2.5351,0.014,-0.654,0.006,-0.074,0.347,0.008,0.490,0.00
143,0,-2.8431,0.013,-0.653,0.006,-0.079,0.348,0.007,0.491,0.00
144,0,-3.1531,0.010,-0.649,0.006,-0.094,0.348,0.006,0.491,0.00
145,0,-3.4633,0.008,-0.648,0.006,-0.104,0.348,0.006,0.492,0.00
146,0,-3.7749,0.007,-0.647,0.006,-0.109,0.349,0.005,0.492,0.00
147,0,-4.0890,0.006,-0.646,0.006,-0.114,0.349,0.005,0.492,0.00
148,0,-4.4055,0.004,-0.646,0.006,-0.119,0.349,0.004,0.493,0.00
149,0,-4.7245,0.003,-0.645,0.006,-0.123,0.349,0.003,0.494,0.00
150,0,-5.0461,0.000,-0.644,0.006,-0.133,0.355,0.001,0.496,0.00
151,0,-5.3690,-0.005,-0.626,0.007,-0.151,0.357,0.001,0.496,0.00
152,0,-5.6806,-0.007,-0.619,0.007,-0.154,0.362,-0.000,0.497,0.00
153,0,-5.9903,-0.010,-0.603,0.007,-0.159,0.365,-0.001,0.497,0.00
154,0,-6.2916,-0.012,-0.594,0.007,-0.161,0.368,-0.002,0.498,0.00
155,0,-6.5897,-0.014,-0.584,0.007,-0.163,0.371,-0.002,0.498,0.00
156,0,-6.8842,-0.015,-0.574,0.007,-0.164,0.378,-0.003,0.499,0.00
157,0,-7.1748,-0.019,-0.553,0.007,-0.166,0.382,-0.004,0.499,0.00
158,0,-7.4537,-0.021,-0.542,0.007,-0.167,0.385,-0.005,0.500,0.00
159,0,-7.7278,-0.022,-0.531,0.007,-0.167,0.389,-0.005,0.500,0.00
160,0,-7.9967,-0.024,-0.519,0.008,-0.167,0.393,-0.006,0.501,0.00
161,0,-8.2602,-0.026,-0.507,0.008,-0.166,0.409,-0.009,0.503,0.00
162,0,-8.5182,-0.033,-0.458,0.008,-0.162,0.413,-0.010,0.503,0.00
163,0,-8.7439,-0.034,-0.446,0.008,-0.160,0.417,-0.010,0.504,0.00
164,0,-8.9629,-0.036,-0.433,0.009,-0.158,0.430,-0.012,0.506,0.00
165,0,-9.1750,-0.041,-0.393,0.009,-0.151,0.438,-0.014,0.507,0.00
166,0,-9.3610,-0.044,-0.366,0.009,-0.145,0.447,-0.015,0.508,0.00
167,0,-9.5298,-0.047,-0.339,0.010,-0.139,0.452,-0.016,0.508,0.00
168,0,-9.6809,-0.048,-0.326,0.010,-0.135,0.460,-0.018,0.510,0.00
169,0,-9.8237,-0.051,-0.298,0.010,-0.128,0.465,-0.018,0.510,0.00
170,0,-9.9484,-0.052,-0.284,0.010,-0.123,0.469,-0.019,0.511,0.00
171,0,-10.0644,-0.053,-0.271,0.010,-0.119,0.478,-0.021,0.512,0.00
172,0,-10.1717,-0.056,-0.243,0.010,-0.111,0.483,-0.021,0.512,0.00
173,0,-10.2605,-0.057,-0.229,0.010,-0.106,0.487,-0.022,0.513,0.00
174,0,-10.3402,-0.058,-0.215,0.010,-0.102,0.496,-0.024,0.514,0.00
175,0,-10.4110,-0.060,-0.188,0.010,-0.093,0.500,-0.024,0.515,0.00
176,0,-10.4629,-0.061,-0.174,0.010,-0.088,0.504,-0.025,0.515,0.00
177,0,-10.5057,-0.061,-0.160,0.010,-0.083,0.509,-0.026,0.516,0.00
178,0,-10.5392,-0.062,-0.146,0.010,-0.079,0.513,-0.027,0.516,0.00
179,0,-10.5636,-0.063,-0.133,0.010,-0.074,0.517,-0.027,0.517,0.00
180,0,-10.5787,-0.064,-0.119,0.010,-0.070,0.529,-0.029,0.518,0.00
181,0,-10.5845,-0.066,-0.079,0.010,-0.057,0.537,-0.031,0.519,0.00
182,0,-10.5628,-0.067,-0.052,0.009,-0.049,0.541,-0.031,0.520,0.00
183,0,-10.5229,-0.067,-0.039,0.009,-0.045,0.549,-0.033,0.521,0.00
184,0,-10.4738,-0.068,-0.013,0.008,-0.037,0.560,-0.034,0.522,0.00
185,0,-10.4071,-0.069,0.025,0.007,-0.028,0.563,-0.035,0.523,0.00
186,0,-10.3152,-0.069,0.038,0.007,-0.025,0.567,-0.036,0.523,0.00
187,0,-10.2144,-0.069,0.050,0.007,-0.022,0.574,-0.037,0.524,0.00
188,0,-10.1050,-0.070,0.074,0.006,-0.017,0.580,-0.038,0.525,0.00
189,0,-9.9795,-0.070,0.098,0.005,-0.013,0.583,-0.038,0.525,0.00
190,0,-9.8387,-0.070,0.109,0.005,-0.011,0.589,-0.039,0.526,0.00
191,0,-9.6896,-0.070,0.132,0.004,-0.008,0.594,-0.040,0.527,0.00
192,0,-9.5261,-0.070,0.153,0.003,-0.005,0.604,-0.042,0.528,0.00
193,0,-9.3489,-0.070,0.193,0.002,-0.002,0.609,-0.042,0.529,0.00
194,0,-9.1481,-0.070,0.211,0.001,-0.001,0.611,-0.043,0.529,0.00
195,0,-8.9359,-0.070,0.220,0.001,-0.000,0.615,-0.044,0.528,0.00
196,0,-8.7171,-0.070,0.238,-0.001,0.014,0.615,-0.044,0.527,0.00
197,0,-8.4898,-0.070,0.237,-0.001,0.016,0.615,-0.044,0.527,0.00
198,0,-8.2618,-0.070,0.237,-0.001,0.015,0.615,-0.044,0.527,0.00
199,0,-8.0324,-0.070,0.236,-0.001,0.014,0.615,-0.044,0.526,0.00
